"# background genes","# genes","category","chart color","description","FDR value","genes","network.SUID","nodes.SUID","p-value","PMID","term name","transferred FDR value","year"
"131","102","KEGG Pathways","","Ribosome","2.92E-15","MRPS10|RPL18A|MRPL32|RPL19|MRPL27|RPS12|MRPS7|MRPL34|RPL35|MRPL15|RSL24D1|RPL8|MRPL3|RPS11|RPS27A|MRPS5|RPL37|RPL29|MRPS18C|RPS23|MRPL16|MRPL13|MRPL4|RPL13|MRPL11|RPL15|RPL38|RPL4|RPS15A|RPS27L|MRPL12|MRPL35|RPL7|MRPL20|RPS2|RPS21|RPL3|RPL27A|RPL21|RPLP1|RPS3A|RPL22|MRPL24|MRPL21|RPL12|RPL39|MRPL18|MRPL9|RPL5|RPL7A|MRPS15|RPS4X|RPL10A|RPS6|RPS9|RPL13A|MRPL19|RPL24|RPL34|RPS29|RPL14|RPS8|MRPS6|MRPS12|RPS14|RPL31|UBA52|RPL23A|RPSA|RPS18|RPL6|RPL10|RPS24|RPL32|RPL37A|RPL23|MRPL36|RPL30|RPS20|MRPL22|RPLP2|FAU|RPS25|RPS13|RPL18|RPLP0|RPL28|RPL26|RPL36|RPL27|RPS15|RPS19|RPS28|RPS5|RPS10|RPL9|RPS7|RPL35A|RPL11|MRPL28|RPS17|RPS27","128","6733|7648|7963|5344|7975|7279|8017|7885|7837|7606|7000|7447|7915|7771|6118|8005|6967|7741|7981|7564|7927|7957|7921|5779|7825|7687|7618|5467|7249|7528|7909|7480|7348|7903|5902|7675|7465|3775|7714|7624|5719|7390|7867|7951|5644|7222|7558|7945|7786|7285|8023|5632|7453|7681|5572|7459|8029|7630|7663|7435|5419|5686|7987|7999|7441|5593|6106|7819|5908|7831|5743|7354|5764|7165|7756|7762|7993|5656|5926|5938|5674|4690|7720|7471|7705|5515|7642|7501|7699|5737|7777|7735|7726|7591|7534|5866|7693|5527|7813|7369|7636|7522","8.68E-18","","hsa03010","1.4534617148551583","0"
"295","158","KEGG Pathways","","Huntington disease","4.1E-13","RB1CC1|PSMA4|UQCRC1|PSMD8|NDUFB7|PSMA3|POLR2C|PSMD7|POLR2I|PSMA2|PPIF|COX6A1|NDUFS7|CLTA|TUBA4A|NDUFA2|NDUFA10|TAF4|ACTR10|COX5B|NDUFB5|PSMB7|DCTN3|PLCB2|PSMC1|PSMD11|PIK3C3|WIPI1|PSMB1|RCOR1|CREBBP|EP300|NDUFS3|IFT57|PSMD3|PPARGC1A|SLC1A3|NDUFA9|NDUFB10|SOD1|PSMB6|PSMA5|POLR2D|NDUFS6|NDUFB9|NRBF2|NDUFC2|GNAQ|COX6A2|WIPI2|PSMB4|POLR2J|COX7A1|BAX|NDUFS4|NDUFB8|POLR2G|UQCRFS1|KIF5B|CYCS|PSMD1|PSMC5|REST|NDUFS8|CYC1|COX5A|TUBA3E|COX8A|POLR2L|NDUFV2|AP2A2|CREB3L2|SP1|NDUFA12|UQCR10|ATG101|TUBB|NDUFA4|CREB3|POLR2K|NDUFV3|PSMD12|CASP8|MAP3K5|AP2A1|MT-CO1|MT-CYB|MTOR|MT-ATP6|MT-ND1|MT-ND4L|MT-ND5|MT-CO2|MT-ND4|MT-CO3|MT-ND2|MT-ND3|BECN1|SDHC|NDUFS2|PSMD4|COX7A2|PSMA7|NDUFA1|GRIN1|PSMB2|NDUFA8|SDHB|SDHD|COX7A2L|UQCRQ|NDUFB6|POLR2B|GPX2|DNAH17|NDUFA4L2|SIN3A|VDAC1|ULK2|POLR2F|PSMD14|CREB1|NDUFA11|PSMC2|NDUFS1|BBC3|NDUFB3|DCTN2|PSMA1|DCTN4|KLC1|POLR2H|NDUFA5|NDUFA3|NDUFB2|TFAM|COX7C|VDAC3|COX6C|HDAC2|TUBA1A|PSMD9|NDUFC1|NDUFAB1|POLR2A|COX6B1|UQCR11|AP2S1|POLR2E|ADRM1|CLTC|PSMC3|NDUFA6|POLR2J3|PSMB3|NDUFB1|PSMC6|COX7B","128","3856|5251|11971|6172|1042|6196|7573|6232|21571|6280|22354|15847|1132|742|4771|1060|1102|23566|421|15946|1096|6274|349|8059|6202|6310|4252|4165|6238|31717|11455|2179|1114|47950|6166|1513|55192|1012|1030|6079|6256|6226|21580|934|946|4273|1000|8053|15883|4198|6262|21544|15910|11266|958|1066|20773|15940|367|1501|6214|6304|31705|1126|15952|15970|37264|15703|19600|1054|754|22780|17728|1072|15925|4285|2038|15727|22798|21661|994|6244|2812|4186|766|15892|15964|1234|7198|1048|15790|15772|15820|15808|15853|952|964|1984|15655|1150|4915|15712|2464|1006|43657|6220|982|6736|15676|15748|5350|970|7375|24289|81295|15649|12880|1507|4261|7204|6208|2428|922|6289|1018|61384|1078|415|6250|373|457|21709|1090|1084|910|1384|15877|15580|15796|17950|18454|5962|988|1036|12208|15841|15934|760|6805|6124|853|6298|1024|21532|6184|940|6178|15814","2.44E-15","","hsa05016","1.2387216143280264","0"
"350","167","KEGG Pathways","","Amyotrophic lateral sclerosis","9.23E-11","RB1CC1|GABARAPL2|PSMA4|TNFRSF1A|UQCRC1|PSMD8|NDUFB7|PSMA3|NXT2|PSMD7|PSMA2|SETX|PFN1|NUP107|COX6A1|MAPK14|NUP155|NDUFS7|PPP3R1|TARDBP|TUBA4A|NDUFA2|NDUFA10|FUS|ACTR10|NUP210|COX5B|NDUFB5|TANK|PSMB7|DERL1|DCTN3|PSMC1|PSMD11|SPG11|PIK3C3|WIPI1|PSMB1|GRIN2D|NDUFS3|CHMP2B|PSMD3|DAXX|NDUFA9|NDUFB10|SOD1|PSMB6|PSMA5|RAB5A|NDUFS6|NDUFB9|SIGMAR1|NRBF2|NDUFC2|RANBP2|COX6A2|WIPI2|PSMB4|COX7A1|BAX|NDUFS4|NDUFB8|RAB8A|UQCRFS1|GABARAP|KIF5B|CYCS|PSMD1|PSMC5|NEFH|NDUFS8|CYC1|COX5A|TUBA3E|BID|COX8A|SRSF7|NDUFV2|TBK1|NDUFA12|UQCR10|ATF4|ATG101|TUBB|NDUFA4|NDUFV3|PSMD12|MAP3K5|MT-CO1|MT-CYB|MTOR|MT-ATP6|MT-ND1|MT-ND4L|MT-ND5|MT-CO2|MT-ND4|MT-CO3|MT-ND2|MT-ND3|BECN1|TPR|ATF6|SDHC|NDUFS2|PSMD4|COX7A2|PSMA7|NDUFA1|GRIN1|ANXA7|PSMB2|SRSF3|NDUFA8|SDHB|SDHD|TNFRSF1B|UBQLN1|NUP160|COX7A2L|UQCRQ|OPTN|NDUFB6|SEC13|GPX2|DNAH17|HNRNPA3|NDUFA4L2|PPP3CB|VDAC1|ULK2|PPP3CC|SEH1L|PSMD14|RAB1A|NDUFA11|PSMC2|NDUFS1|ANXA11|NDUFB3|DCTN2|GABARAPL1|PSMA1|DCTN4|KLC1|NDUFA5|NDUFA3|NDUFB2|COX7C|COX6C|NXF1|TUBA1A|PSMD9|NDUFC1|NUP153|ATXN2|NDUFAB1|COX6B1|UQCR11|NUP62|ADRM1|PSMC3|NDUFA6|PSMB3|NDUFB1|PSMC6|COX7B","128","3856|4210|5251|3391|11971|6172|1042|6196|32464|6232|6280|26701|18814|21430|15847|3160|9712|1132|8173|14461|4771|1060|1102|20968|421|21391|15946|1096|10093|6274|10846|349|6202|6310|16528|4252|4165|6238|43651|1114|4696|6166|11776|1012|1030|6079|6256|6226|664|934|946|32434|4273|1000|18490|15883|4198|6262|15910|11266|958|1066|283|15940|4237|367|1501|6214|6304|43180|1126|15952|15970|37264|11731|15703|20995|1054|2524|1072|15925|14416|4285|2038|15727|994|6244|4186|15892|15964|1234|7198|1048|15790|15772|15820|15808|15853|952|964|1984|5089|10771|15655|1150|4915|15712|2464|1006|43657|54151|6220|17848|982|6736|15676|2938|4834|10198|15748|5350|4228|970|21556|24289|81295|20869|15649|22609|1507|4261|22360|21475|6208|505|922|6289|1018|57862|1078|415|4222|6250|373|457|1090|1084|910|15877|15796|26668|18454|5962|988|21340|43210|1036|15841|15934|20734|6124|6298|1024|6184|940|6178|15814","8.24E-13","","hsa05014","1.0034798298974088","0"
"354","167","KEGG Pathways","","Alzheimer disease","1.42E-10","RB1CC1|PSMA4|TNFRSF1A|HSD17B10|UQCRC1|PSMD8|NDUFB7|MAPK1|PSMA3|PSMD7|WNT16|PSMA2|PPIF|NFKB1|COX6A1|EIF2AK2|NDUFS7|PPP3R1|LRP1|TUBA4A|NDUFA2|NDUFA10|KRAS|APC|COX5B|NDUFB5|PSMB7|PLCB2|ADAM10|PSMC1|LRP6|PSMD11|PIK3C3|WIPI1|PSMB1|PIK3R3|GRIN2D|IL1A|NDUFS3|PIK3CA|WNT5A|PSMD3|NDUFA9|NDUFB10|PSMB6|PSMA5|NDUFS6|NDUFB9|NRBF2|NDUFC2|GNAQ|COX6A2|FZD1|WIPI2|ARAF|PSMB4|COX7A1|NCSTN|NDUFS4|NDUFB8|FADD|PPID|UQCRFS1|KIF5B|CYCS|PSMD1|PSMC5|NDUFS8|CYC1|COX5A|TUBA3E|BACE1|BID|COX8A|GSK3B|PSEN1|NDUFV2|NDUFA12|UQCR10|ATF4|RTN4|ATG101|TUBB|NDUFA4|NDUFV3|PSMD12|CASP8|MAP3K5|NAE1|MT-CO1|MT-CYB|MTOR|MT-ATP6|MT-ND1|MT-ND4L|MT-ND5|MT-CO2|MT-ND4|MT-CO3|MT-ND2|MT-ND3|BECN1|ATF6|SDHC|NDUFS2|PSMD4|APH1A|COX7A2|CHUK|PSMA7|NDUFA1|GRIN1|PSMB2|NDUFA8|SDHB|SDHD|IRS2|CSNK2B|PIK3CD|CYBB|COX7A2L|UQCRQ|DVL1|NDUFB6|ITPR2|AKT2|NDUFA4L2|PPP3CB|VDAC1|ULK2|CSNK1E|PPP3CC|PSMD14|NDUFA11|PSMC2|NDUFS1|RAF1|NDUFB3|PSMA1|KLC1|NDUFA5|NDUFA3|MME|NDUFB2|CDK5|COX7C|VDAC3|COX6C|IKBKB|TUBA1A|ATP2A2|PSMD9|NDUFC1|NDUFAB1|COX6B1|UQCR11|PSENEN|APBB1|ADRM1|PSMC3|NDUFA6|PSMB3|NDUFB1|PSMC6|COX7B|LPL|SNCA","128","3856|5251|3391|11848|11971|6172|1042|2854|6196|6232|40114|6280|22354|3487|15847|2374|1132|8173|2221|4771|1060|1102|2833|12838|15946|1096|6274|8059|16690|6202|23584|6310|4252|4165|6238|8503|43651|3523|1114|8656|18913|6166|1012|1030|6256|6226|934|946|4273|1000|8053|15883|40189|4198|8419|6262|15910|12532|958|1066|1948|22552|15940|367|1501|6214|6304|1126|15952|15970|37264|12088|11731|15703|1972|8317|1054|1072|15925|14416|10795|4285|2038|15727|994|6244|2812|4186|4654|15892|15964|1234|7198|1048|15790|15772|15820|15808|15853|952|964|1984|10771|15655|1150|4915|12526|15712|2269|2464|1006|43657|6220|982|6736|15676|1300|27415|2398|2671|15748|5350|5308|970|8533|14839|15649|22609|1507|4261|35962|22360|6208|922|6289|1018|18589|1078|6250|457|1090|1084|3433|910|60721|15877|15580|15796|2572|18454|9451|5962|988|1036|15841|15934|12538|10603|6124|6298|1024|6184|940|6178|15814|1420|2806","1.69E-12","","hsa05010","0.9847711655616944","0"
"236","124","KEGG Pathways","","Parkinson disease","4.31E-10","PSMA4|UQCRC1|PSMD8|NDUFB7|TXN2|PSMA3|PSMD7|PSMA2|PPIF|COX6A1|NDUFS7|TUBA4A|NDUFA2|NDUFA10|COX5B|NDUFB5|PSMB7|PSMC1|PSMD11|PSMB1|NDUFS3|PSMD3|DAXX|NDUFA9|NDUFB10|PSMB6|PSMA5|RPS27A|NDUFS6|NDUFB9|NDUFC2|UCHL1|COX6A2|PSMB4|COX7A1|BAX|NDUFS4|LRRK2|NDUFB8|UQCRFS1|GPR37|KIF5B|CYCS|PSMD1|PRKACA|PSMC5|GNAI2|NDUFS8|CYC1|COX5A|TUBA3E|COX8A|NDUFV2|NDUFA12|UQCR10|ATF4|UBE2G2|TUBB|NDUFA4|PARK7|MAOA|NDUFV3|PSMD12|MAP3K5|MT-CO1|MT-CYB|MT-ATP6|MT-ND1|MT-ND4L|MT-ND5|MT-CO2|MT-ND4|MT-CO3|MT-ND2|MT-ND3|ATF6|SDHC|NDUFS2|PSMD4|GNAI3|COX7A2|PSMA7|NDUFA1|PSMB2|NDUFA8|SDHB|SDHD|COX7A2L|UQCRQ|NDUFB6|ITPR2|NDUFA4L2|VDAC1|UBE2G1|NFE2L2|PSMD14|UBA52|NDUFA11|PSMC2|NDUFS1|NDUFB3|PSMA1|KLC1|NDUFA5|NDUFA3|NDUFB2|COX7C|VDAC3|COX6C|TUBA1A|PSMD9|NDUFC1|NDUFAB1|COX6B1|UQCR11|ADRM1|ADORA2A|PSMC3|NDUFA6|PSMB3|NDUFB1|PSMC6|COX7B|SNCA","128","5251|11971|6172|1042|15562|6196|6232|6280|22354|15847|1132|4771|1060|1102|15946|1096|6274|6202|6310|6238|1114|6166|11776|1012|1030|6256|6226|6118|934|946|1000|3016|15883|6262|15910|11266|958|22099|1066|15940|71104|367|1501|6214|4390|6304|8545|1126|15952|15970|37264|15703|1054|1072|15925|14416|10825|2038|15727|7072|1408|994|6244|4186|15892|15964|7198|1048|15790|15772|15820|15808|15853|952|964|10771|15655|1150|4915|8539|15712|2464|1006|6220|982|6736|15676|15748|5350|970|8533|15649|1507|25384|5827|6208|6106|922|6289|1018|1078|6250|457|1090|1084|910|15877|15580|15796|18454|5962|988|1036|15841|15934|6124|3202|6298|1024|6184|940|6178|15814|2806","6.41E-12","","hsa05012","0.9365522729839268","0"
"146","89","KEGG Pathways","","Non-alcoholic fatty liver disease","1.2E-9","TNFRSF1A|UQCRC1|NDUFB7|NFKB1|COX6A1|NDUFS7|MLX|NDUFA2|NDUFA10|COX5B|NDUFB5|PIK3R3|IL1A|NDUFS3|PIK3CA|NDUFA9|NDUFB10|NDUFS6|NDUFB9|NDUFC2|COX6A2|PRKAG2|COX7A1|BAX|NDUFS4|NDUFB8|UQCRFS1|CYCS|MAP3K11|MLXIP|NDUFS8|CYC1|COX5A|BID|MLXIPL|COX8A|PRKAG1|GSK3B|NDUFV2|NDUFA12|UQCR10|ATF4|NDUFA4|PRKAA1|NDUFV3|SREBF1|ADIPOR2|CASP8|MAP3K5|MT-CO1|MT-CYB|MT-CO2|MT-CO3|SDHC|NDUFS2|COX7A2|NDUFA1|NDUFA8|SDHB|SDHD|IRS2|PIK3CD|COX7A2L|UQCRQ|NDUFB6|AKT2|NDUFA4L2|NDUFA11|NDUFS1|NDUFB3|NDUFA5|NDUFA3|NDUFB2|RXRA|COX7C|CEBPA|COX6C|IKBKB|CYP2E1|NDUFC1|PRKAB1|NDUFAB1|COX6B1|UQCR11|NR1H3|NDUFA6|NDUFB1|COX7B|ITCH","128","3391|11971|1042|3487|15847|1132|4540|1060|1102|15946|1096|8503|3523|1114|8656|1012|1030|934|946|1000|15883|4009|15910|11266|958|1066|15940|1501|31510|12868|1126|15952|15970|11731|12874|15703|4015|1972|1054|1072|15925|14416|15727|4072|994|1426|28486|2812|4186|15892|15964|15820|15853|15655|1150|15712|1006|982|6736|15676|1300|2398|15748|5350|970|14839|15649|922|1018|1078|1090|1084|910|16927|15877|1990|15796|2572|17185|988|4042|1036|15841|15934|55858|1024|940|15814|5302","2.15E-11","","hsa04932","0.8920818753952375","0"
"128","79","KEGG Pathways","","Oxidative phosphorylation","8.76E-9","UQCRC1|NDUFB7|ATP6V1D|COX6A1|NDUFS7|NDUFA2|NDUFA10|ATP6V1E1|COX5B|NDUFB5|NDUFS3|ATP6V0A1|TCIRG1|NDUFA9|NDUFB10|ATP6V1A|NDUFS6|ATP6V1B2|NDUFB9|NDUFC2|COX6A2|ATP6V0D1|COX7A1|NDUFS4|NDUFB8|COX11|UQCRFS1|NDUFS8|CYC1|COX5A|COX8A|NDUFV2|NDUFA12|UQCR10|NDUFA4|PPA2|NDUFV3|ATP6V1H|MT-CO1|MT-CYB|MT-ATP6|MT-ND1|MT-ND4L|MT-ND5|MT-CO2|MT-ND4|MT-CO3|MT-ND2|MT-ND3|SDHC|NDUFS2|COX7A2|NDUFA1|NDUFA8|ATP6V1G1|SDHB|SDHD|COX7A2L|UQCRQ|NDUFB6|NDUFA4L2|NDUFA11|NDUFS1|NDUFB3|NDUFA5|NDUFA3|NDUFB2|COX7C|ATP6V0E1|COX6C|ATP6V1C1|ATP6V0B|NDUFC1|NDUFAB1|COX6B1|UQCR11|NDUFA6|NDUFB1|COX7B","128","11971|1042|28309|15847|1132|1060|1102|15442|15946|1096|1114|4546|4483|1012|1030|28447|934|15526|946|1000|15883|15553|15910|958|1066|15622|15940|1126|15952|15970|15703|1054|1072|15925|15727|7141|994|15436|15892|15964|7198|1048|15790|15772|15820|15808|15853|952|964|15655|1150|15712|1006|982|28468|6736|15676|15748|5350|970|15649|922|1018|1078|1090|1084|910|15877|28435|15796|28459|6868|988|1036|15841|15934|1024|940|15814","1.82E-10","","hsa00190","0.805749589383192","0"
"263","127","KEGG Pathways","","Prion disease","1.04E-8","PSMA4|UQCRC1|PSMD8|NDUFB7|MAPK1|PSMA3|PSMD7|PSMA2|PPIF|COX6A1|MAPK14|NDUFS7|PPP3R1|TUBA4A|NDUFA2|NDUFA10|COX5B|NDUFB5|PSMB7|PSMC1|PSMD11|PSMB1|PIK3R3|GRIN2D|IL1A|NDUFS3|PIK3CA|PSMD3|NDUFA9|NDUFB10|SOD1|PSMB6|PSMA5|NDUFS6|NDUFB9|NDUFC2|COX6A2|PSMB4|COX7A1|BAX|NDUFS4|NDUFB8|UQCRFS1|KIF5B|CYCS|PSMD1|PRKACA|PSMC5|NDUFS8|CYC1|COX5A|TUBA3E|COX8A|GSK3B|NDUFV2|CREB3L2|NDUFA12|UQCR10|ATF4|TUBB|NDUFA4|CREB3|NDUFV3|PSMD12|MT-CO1|MT-CYB|MT-ATP6|MT-ND1|MT-ND4L|MT-ND5|MT-CO2|MT-ND4|MT-CO3|MT-ND2|MT-ND3|SDHC|NDUFS2|PSMD4|COX7A2|PSMA7|NDUFA1|GRIN1|PSMB2|NDUFA8|ATF6B|SDHB|SDHD|CSNK2B|PIK3CD|CYBB|COX7A2L|UQCRQ|NDUFB6|ITPR2|NDUFA4L2|PPP3CB|VDAC1|PPP3CC|PSMD14|CREB1|NDUFA11|PSMC2|NDUFS1|PRNP|NDUFB3|PSMA1|KLC1|NDUFA5|NDUFA3|NDUFB2|COX7C|VDAC3|COX6C|TUBA1A|PSMD9|NDUFC1|NDUFAB1|COX6B1|UQCR11|CCL5|ADRM1|PSMC3|NDUFA6|PSMB3|NDUFB1|PSMC6|COX7B","128","5251|11971|6172|1042|2854|6196|6232|6280|22354|15847|3160|1132|8173|4771|1060|1102|15946|1096|6274|6202|6310|6238|8503|43651|3523|1114|8656|6166|1012|1030|6079|6256|6226|934|946|1000|15883|6262|15910|11266|958|1066|15940|367|1501|6214|4390|6304|1126|15952|15970|37264|15703|1972|1054|22780|1072|15925|14416|2038|15727|22798|994|6244|15892|15964|7198|1048|15790|15772|15820|15808|15853|952|964|15655|1150|4915|15712|2464|1006|43657|6220|982|13183|6736|15676|27415|2398|2671|15748|5350|970|8533|15649|22609|1507|22360|6208|2428|922|6289|1018|6013|1078|6250|457|1090|1084|910|15877|15580|15796|18454|5962|988|1036|15841|15934|3550|6124|6298|1024|6184|940|6178|15814","2.48E-10","","hsa05020","0.798296666070122","0"
"226","110","KEGG Pathways","","Thermogenesis","1.03E-7","NDUFAF7|UQCRC1|NDUFB7|SOS2|TSC2|COX6A1|MAPK14|NDUFS7|NDUFA2|NDUFA10|SMARCC1|KRAS|COX5B|NDUFB5|RHEB|NDUFS3|PPARGC1A|MGLL|NDUFA9|NDUFB10|NDUFS6|NDUFB9|NDUFC2|COX6A2|PRKAG2|COX7A1|NDUFS4|NDUFB8|COX11|UQCRFS1|RPS6KB2|PRKACA|NDUFS8|CYC1|COX5A|ARID1A|COX8A|NDUFAF3|PRKAG1|SMARCE1|COX14|NDUFV2|CREB3L2|NDUFA12|UQCR10|SIRT6|NDUFA4|COX19|CREB3|SMARCA4|PRKAA1|NDUFV3|ACSL5|MAP3K5|MT-CO1|MT-CYB|MTOR|MT-ATP6|MT-ND1|MT-ND4L|COA3|MT-ND5|MT-CO2|MT-ND4|MT-CO3|MT-ND2|MT-ND3|SDHC|NDUFS2|NDUFAF4|COX7A2|NDUFA1|NDUFA8|SDHB|SDHD|COX7A2L|UQCRQ|RPS6KA3|NDUFB6|RPS6|SMARCA2|AKT1S1|GRB2|NDUFA4L2|NDUFAF6|ADCY3|CREB1|NDUFA11|NDUFS1|FGFR1|NDUFB3|NDUFA5|NDUFA3|NDUFB2|ACSL1|COX7C|COX6C|RPS6KA1|NDUFC1|PRKAB1|COA4|SMARCC2|NDUFAB1|COX6B1|UQCR11|DPF3|NDUFA6|NDUFB1|COX7B|ADCY7","128","889|11971|1042|22384|4153|15847|3160|1132|1060|1102|27361|2833|15946|1096|4135|1114|1513|19786|1012|1030|934|946|1000|15883|4009|15910|958|1066|15622|15940|4453|4390|1126|15952|15970|26908|15703|1108|4015|16327|19702|1054|22780|1072|15925|40516|15727|20170|22798|18100|4072|994|26140|4186|15892|15964|1234|7198|1048|15790|15340|15772|15820|15808|15853|952|964|15655|1150|1120|15712|1006|982|6736|15676|15748|5350|22936|970|7681|17995|4216|2014|15649|1144|3781|2428|922|1018|8518|1078|1090|1084|910|1477|15877|15796|22963|988|4042|20137|26935|1036|15841|15934|80626|1024|940|15814|34795","2.75E-9","","hsa04714","0.6987162775294828","0"
"132","76","KEGG Pathways","","Spliceosome","1.33E-7","AQR|RBM22|SF3A1|SNRPD3|PHF5A|DDX5|SF3B6|SYF2|THOC2|SNRPB2|LSM8|FUS|PRPF38A|SRSF1|WBP11|THOC1|RBM25|DHX8|SNRNP40|PRPF6|SNRPF|DHX38|ZMAT2|CCDC12|LSM6|TCERG1|SLU7|RP9|SNRPD1|LSM3|PCBP1|PPIH|SNRNP200|MAGOHB|PRPF31|HNRNPM|SRSF7|NCBP2|SF3B1|DHX15|CTNNBL1|SF3B5|CDC40|BCAS2|PRPF38B|RBMX|MAGOH|SF3A3|SRSF3|SRSF4|PRPF4|LSM2|HNRNPK|SRSF2|HNRNPA3|SNU13|BUD31|PRPF40A|RBM17|EFTUD2|SNRPG|LSM5|SNRPB|DDX46|TRA2B|U2SURP|SRSF10|SNW1|HNRNPC|SRSF5|PRPF8|RBM8A|DDX42|SNRNP70|CWC15|HNRNPU","128","10120|10546|4471|6031|10333|10243|10366|10492|20947|10480|1726|20968|10435|14665|14674|14557|14446|10528|10519|10264|5785|10372|10393|10228|14641|10234|10456|119974|5545|5803|5584|21142|10468|10444|14317|21040|20995|13570|8482|10423|10339|10321|10558|10552|28336|20908|10429|10399|17848|20917|21262|14680|4702|16333|20869|7291|10540|21181|21175|7408|5662|5446|10486|21277|20974|12268|14500|10534|10168|14488|10567|2440|12250|6787|10507|17956","3.96E-9","","hsa03040","0.6876148359032914","0"
"43","32","KEGG Pathways","","Proteasome","8.75E-5","PSMA4|PSMD8|PSMA3|PSME2|PSMD7|PSMA2|PSMB7|PSMC1|PSMD11|PSMB1|PSMD3|PSMB6|PSMA5|PSMB4|PSMD1|PSMC5|PSMF1|PSMD12|PSMD4|PSMA7|PSMB2|POMP|PSME1|PSME4|PSMD14|PSMC2|PSMA1|PSMD9|ADRM1|PSMC3|PSMB3|PSMC6","128","5251|6172|6196|6136|6232|6280|6274|6202|6310|6238|6166|6256|6226|6262|6214|6304|6130|6244|4915|2464|6220|6190|6142|6148|6208|6289|6250|5962|6124|6298|6184|6178","2.87E-6","","hsa03050","0.4057991946977687","0"
"241","100","KEGG Pathways","","Endocytosis","1.2E-4","ARF5|ACAP1|SPG21|IL2RB|EHD4|CHMP5|ARPC3|SNX3|VPS4B|WIPF3|CLTA|RAB22A|CYTH4|TSG101|VPS4A|ARF3|MDM2|SNX1|RAB11A|SMAD2|RAB11FIP3|SMURF2|PLD2|ARFGAP3|VPS26A|CHMP2B|CBL|RAB10|RAB7A|RAB5A|ARPC5|CXCR1|ARPC2|FOLR2|VPS35|RAB8A|ARF4|KIF5B|DAB2|CHMP6|EEA1|CXCR2|EPN2|WIPF2|ACAP2|MVB12A|EHD3|AP2A2|HGS|SMAD3|RAB11B|ASAP3|FGFR3|RNF41|PLD1|GIT2|TGFBR2|AP2A1|RAB5B|CAPZA2|RAB4A|SMAP1|EPS15|SMAP2|IL2RG|VPS28|VPS36|TFRC|WIPF1|ARAP1|GIT1|USP8|AGAP3|SH3KBP1|ARPC4|ARPC1B|AGAP4|RHOA|PDCD6IP|SNF8|ZFYVE16|ASAP1|CHMP1B|ARFGAP2|IST1|ARF1|RABEP1|RAB5C|TGFBR1|RAB31|PIP5K1C|CHMP2A|AP2S1|CHMP4A|EHD1|CLTC|VPS29|SNX12|CYTH2|ITCH","128","217|601|2665|3517|20365|5890|18475|54106|42517|50050|742|66268|511|1864|42505|565|12487|706|577|2452|637|5539|28558|553|712|4696|11374|30040|16486|664|22420|2731|18718|2197|652|283|625|367|736|4576|28735|3028|20299|17653|595|42454|20419|754|784|2737|109975|271|8551|54844|12931|18706|2647|766|30121|451|46183|93835|658|45181|3544|42484|42460|829|23653|277|16699|10048|98524|28627|23935|17026|393649|2098|11338|42439|23485|631|42493|571|42511|619|3946|30109|1936|10576|18796|4789|760|4108|20476|853|916|54211|295|5302","4.57E-6","","hsa04144","0.39208187539523753","0"
"209","90","KEGG Pathways","","Salmonella infection","1.2E-4","M6PR|TNFRSF1A|MAPK1|TXN2|TNFRSF10A|MYL10|PFN1|NFKB1|ARPC3|MAPK14|RRAS|CYTH4|DYNC1LI2|RIPK1|TLR2|KPNA3|PIK3C3|PIK3CA|RAB7A|PIK3C2A|VPS33A|RAB5A|DYNC1LI1|TNFRSF10B|BAX|NCKAP1L|ARPC5|ARPC2|FADD|CYCS|GCC2|MLKL|VPS41|ELMO1|ROCK2|EXOC7|KPNA4|HSP90AA1|NLRP3|RHOG|TCF7|TRADD|SNX18|PKN1|KPNA1|DYNC1H1|DYNLRB1|CASP8|RAB5B|ACBD3|DYNLT1|TAB2|MAP3K7|MYO6|IRAK1|CHUK|TLR4|BAK1|ABI1|PIK3CD|AHNAK|TAB3|RHOH|AKT2|SNX9|DYNLL1|CASP5|ARPC4|ARPC1B|RHOA|RAF1|PTPRC|KLC1|PIK3CG|RAB9A|FLNB|IKBKB|ARF1|RAB5C|MYL12B|MYL12A|CYFIP2|RAB7B|IRAK4|IKBKG|EXOC5|TCF7L2|CYTH2|TLR5|MYD88","128","643|3391|2854|15562|3439|18445|18814|3487|18475|3160|18508|511|337|1954|3427|17983|4252|8656|16486|36106|13384|664|343|2329|11266|22114|22420|18718|1948|1501|868|11698|74578|40828|12982|535|17926|1228|3052|14335|2944|11818|54136|12994|33409|397|78226|2812|30121|59605|8158|11800|11839|9577|2410|2269|3586|43573|22189|2398|23956|11686|10954|14839|39829|427|11146|23935|17026|2098|18589|3688|457|2155|790|18820|2572|619|30109|18676|16612|4402|74560|1942|517|20290|9886|295|3166|3481","4.25E-6","","hsa05132","0.39208187539523753","0"
"135","65","KEGG Pathways","","Spinocerebellar ataxia","1.4E-4","RB1CC1|PSMA4|PSMD8|PSMA3|PSMD7|PSMA2|PPIF|ATXN10|PSMB7|PLCB2|PSMC1|RORA|PSMD11|PIK3C3|WIPI1|PSMB1|PIK3R3|GRIN2D|PIK3CA|PSMD3|PSMB6|PSMA5|NRBF2|GNAQ|WIPI2|PSMB4|CYCS|PSMD1|PSMC5|SP1|PUM2|ATG101|KAT5|RBPJ|PSMD12|MAP3K5|MTOR|OPA1|BECN1|PSMD4|PSMA7|GRIN1|PSMB2|PIK3CD|TRPC3|NOP56|ITPR2|VLDLR|AKT2|VDAC1|ULK2|PSMD14|PSMC2|PSMA1|ATXN1L|VDAC3|KCNC3|ATP2A2|PSMD9|ATXN2|ADRM1|PSMC3|PSMB3|PSMC6|ATXN3","128","3856|5251|6172|6196|6232|6280|22354|81667|6274|8059|6202|2086|6310|4252|4165|6238|8503|43651|8656|6166|6256|6226|4273|8053|4198|6262|1501|6214|6304|17728|23176|4285|26899|2116|6244|4186|1234|41212|1984|4915|2464|43657|6220|2398|12784|14227|8533|16636|14839|1507|4261|6208|6289|6250|110557|15580|7042|9451|5962|43210|6124|6298|6184|6178|9985","5.86E-6","","hsa05017","0.38538719643217617","0"
"218","91","KEGG Pathways","","Shigellosis","2.2E-4","GABARAPL2|TNFRSF1A|VCL|MAPK1|RBX1|MYL10|PFN1|NFKB1|ARPC3|MAPK14|C3|CYTH4|H3-3B|MDM2|RIPK1|PLCB2|PIK3C3|WIPI1|PIK3R3|RRAGB|PRKCQ|PIK3CA|RPS27A|ATM|WIPI2|HK3|BAX|ITGA5|ARPC5|ARPC2|CRK|PPID|GABARAP|CYCS|RPS6KB2|ELMO1|NFKBIB|TLN1|UBE2N|ROCK2|GSK3B|TBK1|CBX3|NLRP3|FOXO3|TRADD|CRKL|RBCK1|MTOR|BECN1|TAB2|BNIP3|ATG5|MAP3K7|RRAGD|CHUK|RRAGC|TLR4|PIK3CD|TAB3|RRAGA|ITPR2|DIAPH1|AKT1S1|AKT2|VDAC1|ILK|UBE2D2|ROCK1|UBA52|ARPC4|ARPC1B|RHOA|TECPR1|GABARAPL1|ATG12|UBE2V2|IKBKB|ARF1|TLN2|MYL12B|MYL12A|IRF3|CCL5|RPS6KA5|WASF2|IKBKG|CYTH2|TLR5|MALT1|MYD88","128","4210|3391|12463|2854|3607|18445|18814|3487|18475|3160|2842|511|2560|12487|1954|8059|4252|4165|8503|4078|3154|8656|6118|2584|4198|8305|11266|10930|22420|18718|12667|22552|4237|1501|4453|40828|5455|2800|5854|12982|1972|2524|18121|3052|1276|11818|12634|11806|1234|1984|11800|4048|2068|11839|4084|2269|4102|3586|2398|11686|4066|8533|13000|4216|14839|1507|12397|25534|5161|6106|23935|17026|2098|4807|4222|4246|6094|2572|619|2716|18676|16612|2983|3550|22858|18631|517|295|3166|1978|3481","9.96E-6","","hsa05131","0.3657577319177794","0"
"131","62","KEGG Pathways","","Autophagy - animal","3.0E-4","RB1CC1|GABARAPL2|SNAP29|MAPK1|TSC2|CTSD|RRAS|KRAS|RRAS2|TANK|STX17|PIK3C3|WIPI1|RHEB|VMP1|PIK3R3|RRAGB|PRKCQ|PIK3CA|RAB7A|NRBF2|ATG3|WIPI2|MTMR14|RAB8A|GABARAP|RPS6KB2|PRKACA|CFLAR|CAMKK2|STK11|MTMR4|TBK1|ATG101|PDPK1|HMGB1|CTSB|PRKAA1|ATG7|MTOR|BECN1|BNIP3|ATG5|MAP3K7|RRAGD|PTEN|RRAGC|TP53INP2|IRS2|PIK3CD|RRAGA|AKT1S1|AKT2|ULK2|DAPK1|RAB1A|RAF1|GABARAPL1|PPP2CA|ATG12|HIF1A|RAB7B","128","3856|4210|4030|2854|4153|778|18508|2833|28117|10093|4147|4252|4165|4135|4114|8503|4078|3154|8656|16486|4273|4204|4198|28543|283|4237|4453|4390|2263|35710|3898|22249|2524|4285|22591|2920|682|4072|4192|1234|1984|4048|2068|11839|4084|2884|4102|4930|1300|2398|4066|4216|14839|4261|11482|505|18589|4222|5254|4246|1378|74560","1.43E-5","","hsa04140","0.35228787452803373","0"
"163","68","KEGG Pathways","","Protein processing in endoplasmic reticulum","0.0023","DERL2|ERLEC1|EIF2AK1|RBX1|SEC61B|EIF2AK2|RPN2|SSR1|DAD1|DERL1|TRAM1|SIL1|UBXN4|SEC24D|BAX|STT3B|RPN1|HSPA4L|PDIA3|UBXN6|LMAN2|SEC23A|DNAJA2|SSR4|EDEM3|P4HB|NPLOC4|HSP90AA1|ATF4|SEL1L|SEC62|UBE2G2|MBTPS1|MAN1A2|RAD23B|MAP3K5|DNAJC5|ATF6|MAN1A1|SEC63|BAK1|RNF5|ATF6B|UBQLN1|DNAJC1|RRBP1|SEL1L2|DNAJA1|SEC13|SEC31A|UBE2G1|NFE2L2|UBE2D2|PDIA6|SAR1B|SEC61G|BCAP31|DDOST|HERPUD1|MOGS|NSFL1C|TUSC3|SEC24B|CRYAB|RAD23A|DNAJC3|HSPH1|ATXN3","128","10645|10852|14287|3607|10789|2374|42919|10696|1732|10846|42664|7330|10762|28255|11266|13210|13165|29788|11416|12436|10705|28234|29023|32353|4300|10831|5809|1228|14416|10870|4813|10825|16543|45403|6829|4186|37186|10771|12112|3739|43573|10813|13183|4834|43342|18469|10783|29263|21556|18517|25384|5827|25534|32014|28243|6901|32293|19228|10777|1645|4729|19078|28267|37966|6835|10735|29839|9985","1.3E-4","","hsa04141","0.2638272163982407","0"
"150","64","KEGG Pathways","","mTOR signaling pathway","0.0023","TNFRSF1A|STRADB|MAPK1|SOS2|ATP6V1D|TSC2|WNT16|NPRL2|ATP6V1E1|KRAS|LAMTOR5|EIF4E2|CAB39|LRP6|LPIN2|SLC7A5|WDR59|RHEB|PIK3R3|RRAGB|PIK3CA|FNIP2|WNT5A|ATP6V1A|ATP6V1B2|LAMTOR1|FZD1|RICTOR|RPS6KB2|GSK3B|STK11|EIF4EBP1|LAMTOR4|PDPK1|PRKAA1|ATP6V1H|MTOR|SGK1|LAMTOR2|RRAGD|CHUK|PTEN|RRAGC|ATP6V1G1|PIK3CD|SLC3A2|DVL1|RPS6KA3|RPS6|RRAGA|SEC13|AKT1S1|AKT2|GRB2|ULK2|SLC38A9|SEH1L|RHOA|RAF1|FNIP1|ATP6V1C1|IKBKB|RPS6KA1|CLIP1","128","3391|13423|2854|22384|28309|4153|40114|28366|15442|2833|3997|30265|13519|23584|90595|8329|16726|4135|8503|4078|8656|28312|18913|28447|15526|4021|40189|3973|4453|1972|3898|22912|3991|22591|4072|15436|1234|28579|4003|4084|2269|2884|4102|28468|2398|8263|5308|22936|7681|4066|21556|4216|14839|2014|4261|4036|21475|2098|18589|20614|28459|2572|22963|32563","1.2E-4","","hsa04150","0.2638272163982407","0"
"142","61","KEGG Pathways","","Retrograde endocannabinoid signaling","0.0026","NDUFB7|MAPK1|MAPK14|GNB4|NDUFS7|GNG11|NDUFA2|NDUFA10|NDUFB5|PLCB2|NDUFS3|MGLL|NDUFA9|NDUFB10|NDUFS6|NDUFB9|NDUFC2|GNAQ|GNG3|ABHD6|NDUFS4|DAGLB|NDUFB8|PRKACA|GNAI2|NDUFS8|NDUFV2|NDUFA12|GNG2|NDUFA4|NDUFV3|MT-ND1|MT-ND4L|MT-ND5|MT-ND4|MT-ND2|MT-ND3|NDUFS2|GNAI3|GNG5|NDUFA1|NDUFA8|GNB1|NDUFB6|ITPR2|GNG7|NDUFA4L2|ADCY3|NDUFA11|NDUFS1|GABRA1|NDUFB3|NDUFA5|NDUFA3|NDUFB2|KCNJ5|NDUFC1|NDUFAB1|NDUFA6|NDUFB1|ADCY7","128","1042|2854|3160|8668|1132|8608|1060|1102|1096|8059|1114|19786|1012|1030|934|946|1000|8053|8662|109573|958|109582|1066|4390|8545|1126|1054|1072|8695|15727|994|1048|15790|15772|15808|952|964|1150|8539|8650|1006|982|8707|970|8533|8635|15649|3781|922|1018|4840|1078|1090|1084|910|9898|988|1036|1024|940|34795","1.5E-4","","hsa04723","0.2585026652029182","0"
"134","57","KEGG Pathways","","Ubiquitin mediated proteolysis","0.0048","RBX1|BIRC7|UBA2|VHL|DDB2|MDM2|UBE2K|HERC2|ANAPC5|MGRN1|SMURF2|UBE2R2|CBL|CUL3|UBE2B|UBE2Q2|SAE1|RPS27A|RNF7|UBE2E1|UBE2N|RCHY1|UBE2G2|RHOBTB1|HUWE1|UBE2I|CDC16|UBE2C|KLHL9|UBE2Z|XIAP|UBE2A|CDC20|CDC26|CUL4A|TRIP12|PIAS3|CUL5|HERC4|UBE2E2|UBE2G1|UBE2D2|MAP3K1|UBE4A|UBA52|HERC1|BIRC6|CUL2|UBR5|PIAS1|PIAS2|UBE2E3|FBXW7|UBE2F|ANAPC10|PPIL2|ITCH","128","3607|13363|4633|5317|13063|12487|4624|65899|5815|71455|5539|25516|11374|4714|25180|109858|4477|6118|25462|5860|5854|96061|10825|32071|5500|17896|4618|5707|25474|3751|1894|19060|5620|5425|17437|27028|24823|2518|76531|9595|25384|25534|11710|78196|6106|35587|11332|5431|3931|17722|28321|25039|5950|25285|5725|10354|5302","2.9E-4","","hsa04120","0.23187587626244127","0"
"75","37","KEGG Pathways","","Chronic myeloid leukemia","0.0062","MAPK1|SOS2|NFKB1|POLK|GADD45G|KRAS|DDB2|CDK4|MDM2|PIK3R3|PIK3CA|CBL|CDK6|ARAF|CTBP1|BAX|STAT5B|RUNX1|CRK|CTBP2|SMAD3|SMAD4|CRKL|TGFBR2|GAB2|CHUK|BAK1|SHC3|PIK3CD|AKT2|GRB2|CDKN1A|RAF1|HDAC2|IKBKB|TGFBR1|IKBKG","128","2854|22384|3487|60346|52876|2833|13063|1876|12487|8503|8656|11374|11299|8419|31210|11266|3445|2848|12667|32185|2737|1810|12634|2647|22570|2269|43573|12655|2398|14839|2014|1816|18589|17950|2572|1936|517","3.9E-4","","hsa05220","0.2207608310501746","0"
"187","72","KEGG Pathways","","Pathogenic Escherichia coli infection","0.0081","CLDN11|TNFRSF1A|MAPK1|MYH9|TNFRSF10A|NFKB1|ARPC3|MAPK14|WIPF3|TUBA4A|CYTH4|RIPK1|FCGR2A|GNA12|TNFRSF10B|SEC24D|MYO1E|BAX|NCKAP1L|ARPC5|ARPC2|NLRP4|FADD|TMED10|CYCS|NFKBIB|PAK2|ROCK2|NCL|TUBA3E|WIPF2|F2R|ARHGEF1|NLRP3|TUBB|TRADD|TJP1|CASP8|TAB2|MAP3K7|MYO6|IRAK1|CHUK|TLR4|LPAR1|BAK1|ABI1|TAB3|WIPF1|MYO5A|ROCK1|RAB1A|ARPC4|ARPC1B|LPAR5|RHOA|GNA13|NCK1|MYO10|SEC24B|IKBKB|TUBA1A|ARF1|CYFIP2|IRAK4|WASF2|IKBKG|CYTH2|MYO1F|TLR5|MYO1C|MYD88","128","8104|3391|2854|18637|3439|3487|18475|3160|50050|4771|511|1954|3463|8629|2329|28255|23800|11266|22114|22420|18718|47905|1948|463|1501|5455|5821|12982|17806|37264|17653|2536|4498|3052|2038|11818|2125|2812|11800|11839|9577|2410|2269|3586|12385|43573|22189|11686|23653|23968|5161|505|23935|17026|27124|2098|8557|12805|23884|28267|2572|18454|619|4402|1942|18631|517|295|15994|3166|24046|3481","5.3E-4","","hsa05130","0.20915149811213504","0"
"217","81","KEGG Pathways","","Human cytomegalovirus infection","0.0081","GNA11|TNFRSF1A|MAPK1|SOS2|TSC2|NFKB1|IL10RA|MAPK14|GNB4|PPP3R1|PTGER2|GNG11|KRAS|CDK4|MDM2|RIPK1|PLCB2|ITGAV|RHEB|PIK3R3|PIK3CA|STAT3|CDK6|GNA12|GNAQ|IL10RB|BAX|GNG3|CCR1|PDIA3|CRK|NFATC3|FADD|CYCS|RPS6KB2|PRKACA|GNAI2|ROCK2|BID|CXCR2|GSK3B|CREB3L2|SP1|TBK1|GNG2|ATF4|ARHGEF1|EIF4EBP1|TRADD|CREB3|CRKL|PTGER3|CASP8|MTOR|AKAP13|GNAI3|CHUK|GNG5|BAK1|ATF6B|PIK3CD|GNB1|ITPR2|GNG7|AKT2|GRB2|PPP3CB|PPP3CC|ROCK1|ADCY3|CDKN1A|CREB1|RHOA|GNA13|RAF1|IKBKB|IRF3|CCL5|IKBKG|JAK1|ADCY7","128","8410|3391|2854|22384|4153|3487|3190|3160|8668|8173|18877|8608|2833|1876|12487|1954|8059|11407|4135|8503|8656|3574|11299|8629|8053|3082|11266|8662|3196|11416|12667|12790|1948|1501|4453|4390|8545|12982|11731|3028|1972|22780|17728|2524|8695|14416|4498|22912|11818|22798|12634|1582|2812|1234|4357|8539|2269|8650|43573|13183|2398|8707|8533|8635|14839|2014|22609|22360|5161|3781|1816|2428|2098|8557|18589|2572|2983|3550|517|3271|34795","5.3E-4","","hsa05163","0.20915149811213504","0"
"31","20","KEGG Pathways","","RNA polymerase","0.0096","POLR2C|POLR2I|TWISTNB|POLR1A|POLR2D|POLR2J|POLR3E|POLR2G|POLR2L|POLR3C|POLR2K|POLR3GL|POLR3F|POLR2B|POLR3D|POLR2F|POLR2H|POLR2A|POLR2E|POLR2J3","128","7573|21571|14029|7255|21580|21544|14995|20773|19600|13789|21661|14899|14932|7375|34273|7204|21709|12208|6805|21532","7.6E-4","","hsa03020","0.20177287669604316","0"
"87","40","KEGG Pathways","","Longevity regulating pathway","0.0096","RB1CC1|TSC2|NFKB1|KRAS|EIF4E2|RHEB|PIK3R3|PIK3CA|PPARGC1A|CAMK4|PRKAG2|APPL1|BAX|RPS6KB2|PRKACA|CAMKK2|PRKAG1|STK11|CREB3L2|ATF4|ATG101|FOXO3|EIF4EBP1|CREB3|PRKAA1|ADIPOR2|MTOR|ATG5|ATF6B|IRS2|PIK3CD|AKT1S1|AKT2|EHMT2|ADCY3|CREB1|SESN1|EHMT1|PRKAB1|ADCY7","128","3856|4153|3487|2833|30265|4135|8503|8656|1513|12988|4009|28915|11266|4453|4390|35710|4015|3898|22780|14416|4285|1276|22912|22798|4072|28486|1234|2068|13183|1300|2398|4216|14839|4513|3781|2428|13117|13615|4042|34795","6.8E-4","","hsa04211","0.20177287669604316","0"
"210","78","KEGG Pathways","","Human T-cell leukemia virus 1 infection","0.0096","CD4|TNFRSF1A|MAPK1|IL2RB|NFKB1|LTBR|PPP3R1|NFYB|EGR2|KRAS|CDK4|ANAPC5|SMAD2|CREBBP|PIK3R3|EP300|PIK3CA|SRF|NRP1|CRTC3|CDKN2B|ATM|TNFRSF13C|BAX|STAT5B|IL15|NFATC3|CD3D|PRKACA|TLN1|CREB3L2|SMAD3|ATF4|KAT5|SMAD4|CREB3|CDC16|FDPS|ITGAL|ELK4|TGFBR2|ETS2|CD3E|MAP3K3|BUB3|CHUK|XIAP|PTEN|CDC20|IL2RG|CDC26|ATF6B|PIK3CD|AKT2|ETS1|PPP3CB|VDAC1|PPP3CC|MAP3K1|ADCY3|CDKN1A|XPO1|CREB1|RANBP1|LTA|VDAC3|IKBKB|CD3G|RAN|TGFBR1|TLN2|ZFP36|LCK|ANAPC10|IKBKG|HLA-DOB|JAK1|ADCY7","128","670|3391|2854|3517|3487|2701|8173|17032|2203|2833|1876|5815|2452|11455|8503|2179|8656|18391|3238|81763|9463|2584|2761|11266|3445|3613|12790|646|4390|2800|22780|2737|14416|26899|1810|22798|4618|62377|3493|22864|2647|22873|3706|22510|17224|2269|1894|2884|5620|3544|5425|13183|2398|14839|2173|22609|1507|22360|11710|3781|1816|22156|2428|33490|3367|15580|2572|700|5968|1936|2716|48244|3724|5725|517|3631|3271|34795","7.4E-4","","hsa05166","0.20177287669604316","0"
"67","33","KEGG Pathways","","Acute myeloid leukemia","0.0096","CEBPE|MAPK1|SOS2|NFKB1|RARA|KRAS|PIK3R3|PIK3CA|STAT3|BCL2A1|DUSP6|CSF1R|ARAF|STAT5B|RUNX1|RPS6KB2|PPARD|TCF7|EIF4EBP1|MTOR|CHUK|PIM1|PIK3CD|AKT2|GRB2|JUP|RAF1|RUNX1T1|CEBPA|IKBKB|IKBKG|TCF7L2|ITGAM","128","16807|2854|22384|3487|1780|2833|8503|8656|3574|2275|22948|3325|8419|3445|2848|4453|1495|2944|22912|1234|2269|36112|2398|14839|2014|12937|18589|43300|1990|2572|517|9886|3643","7.9E-4","","hsa05221","0.20177287669604316","0"
"87","40","KEGG Pathways","","PD-L1 expression and PD-1 checkpoint pathway in cancer","0.0096","CD4|MAPK1|NFKB1|MAPK14|PPP3R1|TICAM1|KRAS|TLR2|PIK3R3|PRKCQ|PIK3CA|STAT3|ZAP70|NFATC3|CD3D|RPS6KB2|RASGRP1|NFKBIB|EML4|MTOR|CD3E|CD247|MAP3K3|CHUK|PTEN|TLR4|CSNK2B|PIK3CD|JAK2|AKT2|PPP3CB|PPP3CC|RAF1|IKBKB|CD3G|HIF1A|LCK|IKBKG|MYD88|JAK1","128","670|2854|3487|3160|8173|7012|2833|3427|8503|3154|8656|3574|3712|12790|646|4453|1996|5455|18550|1234|3706|3700|22510|2269|2884|3586|27415|2398|3010|14839|22609|22360|18589|2572|700|1378|3724|517|3481|3271","6.8E-4","","hsa05235","0.20177287669604316","0"
"126","52","KEGG Pathways","","FoxO signaling pathway","0.0103","GABARAPL2|MAPK1|SOS2|MAPK14|S1PR4|GADD45G|KRAS|CCNB1|MDM2|RBL2|CREBBP|PIK3R3|EP300|PIK3CA|STAT3|SETD7|CDKN2B|ATM|PRKAG2|ARAF|S1PR1|IL7R|GABARAP|PRKAG1|STK11|SMAD3|HOMER1|FOXO3|SMAD4|USP7|PDPK1|PRKAA1|TGFBR2|SGK1|BNIP3|CHUK|PTEN|PLK3|STK4|IRS2|PIK3CD|AKT2|GRB2|CSNK1E|CDKN1A|RAF1|PRMT1|GABARAPL1|ATG12|IKBKB|PRKAB1|TGFBR1","128","4210|2854|22384|3160|2056|52876|2833|5200|12487|17614|11455|8503|2179|8656|3574|13654|9463|2584|4009|8419|3046|676|4237|4015|3898|2737|23398|1276|1810|10006|22591|4072|2647|28579|4048|2269|2884|53221|11320|1300|2398|14839|2014|35962|1816|18589|21895|4222|4246|2572|4042|1936","8.9E-4","","hsa04068","0.1987162775294828","0"
"192","72","KEGG Pathways","","Epstein-Barr virus infection","0.0106","PSMD8|PSMD7|NFKB1|MAPK14|HES1|EIF2AK2|POLK|GADD45G|DDB2|CDK4|MDM2|RIPK1|TLR2|PSMC1|PSMD11|PIK3R3|PIK3CA|FCER2|PSMD3|STAT3|CDK6|BAX|PDIA3|CD3D|FADD|CYCS|PSMD1|PSMC5|NFKBIB|CD19|STAT2|BID|TBK1|TRADD|USP7|IFNAR2|RBPJ|PSMD12|ITGAL|CASP8|CD3E|CD247|TAB2|PSMD4|MAP3K7|CD58|IRAK1|CHUK|BAK1|PIK3CD|AKT2|SIN3A|RUNX3|NCOR2|CDKN1A|PSMD14|PSMC2|MAVS|LYN|HDAC2|IKBKB|CD3G|SNW1|IRF3|ADRM1|IRAK4|PSMC3|IKBKG|PSMC6|HLA-DOB|MYD88|JAK1","128","6172|6232|3487|3160|49231|2374|60346|52876|13063|1876|12487|1954|3427|6202|6310|8503|8656|2080|6166|3574|11299|11266|11416|646|1948|1501|6214|6304|5455|3625|2767|11731|2524|11818|10006|2542|2116|6244|3493|2812|3706|3700|11800|4915|11839|3040|2410|2269|43573|2398|14839|12880|2950|48718|1816|6208|6289|2896|3172|17950|2572|700|10534|2983|6124|1942|6298|517|6178|3631|3481|3271","9.4E-4","","hsa05169","0.19746941347352298","0"
"71","34","KEGG Pathways","","Pancreatic cancer","0.0106","MAPK1|NFKB1|POLK|ARHGEF6|GADD45G|KRAS|DDB2|CDK4|SMAD2|PIK3R3|PLD2|PIK3CA|STAT3|CDK6|RALB|ARAF|BAX|RPS6KB2|SMAD3|SMAD4|PLD1|TGFBR2|MTOR|CHUK|BAK1|PIK3CD|AKT2|CDKN1A|RAF1|TGFA|IKBKB|TGFBR1|IKBKG|JAK1","128","2854|3487|60346|18265|52876|2833|13063|1876|2452|8503|28558|8656|3574|11299|10039|8419|11266|4453|2737|1810|12931|2647|1234|2269|43573|2398|14839|1816|18589|2110|2572|1936|517|3271","9.7E-4","","hsa05212","0.19746941347352298","0"
"124","51","KEGG Pathways","","Yersinia infection","0.011","CD4|MAPK1|NFKB1|MAPK14|WIPF3|TICAM1|PIK3R3|ACTR3|PIK3CA|ZAP70|FCGR2A|GNAQ|ITGA5|CRK|NFATC3|ELMO1|ROCK2|WIPF2|GSK3B|TBK1|ARHGEF1|NLRP3|RHOG|PKN1|CRKL|GIT2|TAB2|MAP3K7|IRAK1|CHUK|PKN2|TLR4|PIK3CD|ACTR2|RPS6KA3|AKT2|WIPF1|ITGA4|ROCK1|CD8A|RHOA|IKBKB|RPS6KA1|PIP5K1C|IRF3|LCK|IRAK4|WASF2|IKBKG|ARHGEF7|MYD88","128","670|2854|3487|3160|50050|7012|8503|17083|8656|3712|3463|8053|10930|12667|12790|40828|12982|17653|1972|2524|4498|3052|14335|12994|12634|18706|11800|11839|2410|2269|13006|3586|2398|14440|22936|14839|23653|3277|5161|3730|2098|2572|22963|18796|2983|3724|1942|18631|517|16672|3481","0.001","","hsa05135","0.1958607314841775","0"
"183","69","KEGG Pathways","","Viral carcinogenesis","0.011","MAPK1|NFKB1|LTBR|EIF2AK2|EGR2|H4C6|C3|YWHAH|KRAS|CDK4|MDM2|PSMC1|RBL2|CREBBP|PIK3R3|EP300|PIK3CA|YWHAE|STAT3|SRF|CDK6|GTF2H2|CDKN2B|RASA2|ATP6V0D1|BAX|STAT5B|REL|HDAC11|YWHAG|PRKACA|PKM|CREB3L2|ATF4|TRADD|CREB3|USP7|RBPJ|GTF2E2|CASP8|CDC20|YWHAB|RBL1|TRAF1|BAK1|ATF6B|UBR4|HNRNPK|PIK3CD|IL6ST|YWHAQ|GRB2|CDK1|YWHAZ|GTF2A2|CDKN1A|CREB1|RHOA|RANBP1|VDAC3|LYN|HDAC2|CHD4|SNW1|GTF2A1|IRF3|H2BC11|IKBKG|JAK1","128","2854|3487|2701|2374|2203|15145|2842|35851|2833|1876|12487|6202|17614|11455|8503|2179|8656|12601|3574|18391|11299|24865|9463|28057|15553|11266|3445|2890|67444|24130|4390|1390|22780|14416|11818|22798|10006|2116|20827|2812|5620|18526|17398|1966|43573|13183|43258|4702|2398|2773|22090|2014|17689|12895|25618|1816|2428|2098|33490|15580|3172|17950|18076|10534|34456|2983|27235|517|3271","0.0011","","hsa05203","0.1958607314841775","0"
"187","70","KEGG Pathways","","Kaposi sarcoma-associated herpesvirus infection","0.0113","GABARAPL2|TNFRSF1A|MAPK1|NFKB1|MAPK14|GNB4|EIF2AK2|PPP3R1|C3|TICAM1|GNG11|KRAS|CDK4|PIK3C3|CREBBP|PIK3R3|EP300|PIK3CA|STAT3|CDK6|RPS27A|ATG3|BAX|GNG3|CCR1|NFATC3|FADD|GABARAP|CYCS|STAT2|BID|GSK3B|TBK1|GNG2|TCF7|TRADD|IFNAR2|CASP8|MTOR|BECN1|CHUK|GNG5|PREX1|BAK1|PIK3CD|GNB1|IL6ST|ITPR2|JAK2|GNG7|AKT2|PPP3CB|PPP3CC|CDKN1A|CREB1|UBA52|PIK3R5|RAF1|GABARAPL1|MICA|PIK3CG|CXCL2|LYN|IKBKB|HIF1A|ZFP36|IRF3|IKBKG|TCF7L2|JAK1","128","4210|3391|2854|3487|3160|8668|2374|8173|2842|7012|8608|2833|1876|4252|11455|8503|2179|8656|3574|11299|6118|4204|11266|8662|3196|12790|1948|4237|1501|2767|11731|1972|2524|8695|2944|11818|2542|2812|1234|1984|2269|8650|28618|43573|2398|8707|2773|8533|3010|8635|14839|22609|22360|1816|2428|6106|28594|18589|4222|168235|2155|3022|3172|2572|1378|48244|2983|517|9886|3271","0.0011","","hsa05167","0.19469215565165804","0"
"161","62","KEGG Pathways","","RNA transport","0.0118","EIF5|PNN|NXT2|NUP107|NUP155|EIF1B|TARDBP|THOC2|EIF3G|FUS|NUP210|EIF4E2|TGS1|THOC1|EIF3J|CASC3|UPF3B|RANBP2|EIF5B|KPNB1|THOC7|PHAX|POP7|DDX19A|PABPC1|MAGOHB|SRRM1|THOC6|NCBP2|EEF1A1|EIF4EBP1|UBE2I|UPF2|FXR1|EIF3B|TPR|EIF3A|FMR1|MAGOH|EIF4EBP2|EIF3I|EIF2S2|UPF3A|NUP160|SEC13|SUMO1|SEH1L|XPO1|PYM1|STRAP|EIF4G1|EIF1|EIF2B4|CLNS1A|NXF1|NUP153|RAN|RNPS1|RBM8A|NUP62|CYFIP2|SAP18","128","7306|14545|32464|21430|9712|7192|14461|20947|5896|20968|21391|30265|21730|14557|7228|10450|20800|18490|7420|5884|50443|21760|12055|45523|18286|10444|10411|33400|13570|5833|22912|17896|30829|43885|5791|5089|7180|30514|10429|35527|6001|5380|26683|10198|21556|4465|21475|22156|125107|21901|14362|7186|14377|11899|26668|21340|5968|10279|2440|20734|4402|5386","0.0012","","hsa03013","0.19281179926938746","0"
"116","48","KEGG Pathways","","Sphingolipid signaling pathway","0.0122","TNFRSF1A|MAPK1|SPTLC2|NFKB1|MAPK14|CTSD|ADORA3|S1PR4|SGPP1|KRAS|PLCB2|PPP2R3C|PIK3R3|PLD2|PIK3CA|CERS2|GNA12|GNAQ|FCER1G|BAX|S1PR1|GNAI2|SPHK1|DEGS1|ROCK2|BID|PPP2R1A|PPP2R2A|CERS5|PPP2R5E|TRADD|PLD1|PDPK1|MAP3K5|SGMS1|GAB2|GNAI3|PTEN|SGPL1|PIK3CD|AKT2|PPP2R2B|SPTLC3|ROCK1|RHOA|GNA13|RAF1|PPP2CA","128","3391|2854|29875|3487|3160|778|12379|2056|29938|2833|8059|46408|8503|28558|8656|29965|8629|8053|3034|11266|3046|8545|4327|29980|12982|11731|11116|17353|29959|24856|11818|12931|22591|4186|29947|22570|8539|2884|29953|2398|14839|17377|30001|5161|2098|8557|18589|5254","0.0013","","hsa04071","0.1913640169325252","0"
"99","42","KEGG Pathways","","Th17 cell differentiation","0.0159","CD4|MAPK1|IL2RB|NFKB1|MAPK14|PPP3R1|RARA|RORA|SMAD2|PRKCQ|STAT3|ZAP70|STAT5B|STAT6|RUNX1|NFATC3|CD3D|NFKBIB|SMAD3|HSP90AA1|SMAD4|TGFBR2|MTOR|CD3E|CD247|CHUK|IL2RG|FOXP3|GATA3|IL6ST|JAK2|PPP3CB|PPP3CC|RXRA|IKBKB|CD3G|HIF1A|TGFBR1|LCK|IKBKG|HLA-DOB|JAK1","128","670|2854|3517|3487|3160|8173|1780|2086|2452|3154|3574|3712|3445|3499|2848|12790|646|5455|2737|1228|1810|2647|1234|3706|3700|2269|3544|3676|3580|2773|3010|22609|22360|16927|2572|700|1378|1936|3724|517|3631|3271","0.0017","","hsa04659","0.17986028756795486","0"
"93","40","KEGG Pathways","","mRNA surveillance pathway","0.0161","PAPOLA|PABPN1|PNN|NXT2|DAZAP1|TARDBP|SYMPK|FUS|PPP2R3C|SMG6|CASC3|UPF3B|SSU72|WDR82|PCF11|DDX19A|PABPC1|MAGOHB|PPP2R1A|PPP2R2A|WDR33|PPP1CA|SRRM1|NCBP2|PPP2R5E|GSPT2|UPF2|ETF1|MAGOH|UPF3A|PPP2R2B|PAPOLB|PYM1|SMG1|PPP2CA|NXF1|RNPS1|RBM8A|RNMT|SAP18","128","26635|5338|14545|32464|18175|14461|21829|20968|46408|21607|10450|20800|26788|5236|26851|45523|18286|10444|11116|17353|26857|4333|10411|13570|24856|30181|30829|5797|10429|26683|17377|301|125107|12421|5254|26668|10279|2440|34051|5386","0.0018","","hsa03015","0.17931741239681503","0"
"1435","400","KEGG Pathways","","Metabolic pathways","0.0235","INMT|HSD17B10|ST6GAL1|TIGAR|PLOD1|UQCRC1|ADH1A|NANS|NDUFB7|TECR|MIF|PDXP|ACO2|ATP6V1D|SPTLC2|PYGB|IDH3G|GLA|NME3|CDIPT|EXTL3|NAMPT|PLOD3|DAO|TPI1|CMAS|COX6A1|NUDT12|NDUFS7|GGCX|SPR|RPN2|PANK3|ALG5|GOT2|SGPP1|PLA2G2C|GGT1|SIRT2|DAD1|CDO1|RRM2B|NDUFA2|ALLC|NDUFA10|ACSS2|ATP6V1E1|CHSY1|HSD17B7|PI4KA|NT5E|GNS|NPL|COX5B|NDUFB5|PLCB2|GUCY2C|MAN2A1|MSMO1|LPIN2|GLCE|PIK3C3|KMT2C|ALG1|IMPAD1|PLD2|P4HA1|NDUFS3|PIK3CA|DGUOK|PIKFYVE|GPAT3|ATP6V0A1|GALNT7|MGLL|B3GAT3|TCIRG1|CHKA|SQLE|PIK3C2A|NDUFA9|CSAD|CYP11A1|NDUFB10|GALNT1|SAT2|CERS2|ATP6V1A|ENOPH1|SETD7|NDUFS6|PLA2G7|ATP6V1B2|NDUFB9|GLUD1|HSD17B12|FADS2|PIGT|TM7SF2|PTS|NDUFC2|GGPS1|HGD|ACAA2|COX6A2|NMNAT2|HMGCR|ATP6V0D1|PDE9A|PDXK|AGPAT3|HK3|COX7A1|STT3B|MTMR14|RPN1|NDUFS4|HSD3B7|ALDH1A1|INPPL1|AK8|HPRT1|NDUFB8|CKB|COX11|TK2|MVD|KMT2D|CHSY3|GUSB|MAT2A|DCXR|NUDT9|KMT5B|UQCRFS1|ASL|PDHB|MGAT2|QARS1|CANT1|GLUL|ALG10B|NDST2|PHYKPL|GSTM1|UGT8|FUT1|KMT2E|GRHPR|SPHK1|AGPAT4|GBA|NDUFS8|DEGS1|CYC1|COX5A|SHMT1|GCSH|B3GNT4|PKM|NEU4|TALDO1|COX8A|FADS1|HMGCS1|HADHB|MTMR4|MAT2B|CERS5|CNDP2|NADSYN1|MDH2|NDUFV2|ACSM5|TRAK2|ST6GALNAC3|SIRT7|NDUFA12|IDH2|MGAT1|UQCR10|ADSS1|ADI1|NME1|SIRT6|ISYNA1|SUV39H1|UGP2|NT5C2|NDUFA4|IDS|LBR|MAOA|GYG1|PRDX6|CS|PYCR2|PLD1|ALDH3A2|PLCH1|NDUFV3|GPAA1|DHCR7|ACSL5|MAN1A2|FDPS|DCTD|DNMT1|ATP6V1H|TPK1|GSTM3|MT-CO1|COMT|MT-CYB|MT-ATP6|MT-ND1|MT-ND4L|MT-ND5|SGMS1|MT-CO2|MT-ND4|MT-CO3|MT-ND2|MT-ND3|B3GALNT2|GALNT2|EPRS1|ACAT2|MGST3|SDHC|NDUFS2|DPM3|PMVK|MAN1A1|ECHS1|UROS|ME1|GSTO1|AHCYL1|COX7A2|EXTL2|DPYD|GCLM|GOT1|PI4K2A|PGAM1|OCRL|DHCR24|NDUFA1|SCP2|PTGDS|SARDH|PTEN|POMGNT1|AKR1A1|UCK1|ASS1|PPCS|ADA|SGPL1|PGK1|GLO1|NDUFA8|ATP6V1G1|UGCG|CSGALNACT2|SDHB|SDHD|NEU1|MTHFR|ENTPD6|PIK3CD|GBA2|COX7A2L|UQCRQ|ESD|SAT1|ITPA|HADHA|PDE4A|AK6|RDH11|GART|HACD2|GPX2|ALPP|ASH1L|B3GALT1|G6PD|NDUFA4L2|SUCLG1|SUOX|PDE8A|ALG13|VKORC1|QPRT|AGPAT1|EHMT2|APIP|MGST1|NAGA|GPAT4|RGN|PAFAH1B1|HAGH|ALG3|HMGCLL1|SPTLC3|ADCY3|A4GALT|P4HA2|SMS|SETD2|PLD3|UGT2B11|OGDH|NDUFA11|B3GALT4|NDUFS1|NSD1|TSTA3|DDOST|ASRGL1|GK|HYAL2|VKORC1L1|PAPSS2|NDUFB3|SYNJ1|PDE1A|MOGS|AOC1|NAT8L|DERA|NDUFA5|ALG2|EHMT1|NDUFA3|NDUFB2|PIK3CG|SUCLG2|NUDT5|GMPS|CDS2|NUDT16|ACSL1|INPP4B|TUSC3|COX7C|ST3GAL1|ATP6V0E1|COX6C|ALG11|EPHX2|ATP6V1C1|ATP6V0B|PAFAH1B2|KMT2A|ACADVL|CYP2E1|NDUFC1|BCAT1|PAFAH1B3|LDHA|GATC|NDUFAB1|ACLY|PIP5K1C|COX6B1|UQCR11|IL4I1|ALDH3B1|ELOVL1|MTHFD1L|ACSF3|B4GALT3|PTGES3|PIGW|DGAT1|NDUFA6|PIP4K2B|IDH3B|ACACA|GALE|NDUFB1|ST3GAL5|PFKFB3|PPT1|DSE|SUCLA2|ENO1|ALDOA|COX7B|ENPP1|FECH|PC|AMPD2|ETNK1|ADCY7|CEL","128","3835|11848|9265|8359|13525|11971|17071|12142|1042|19948|2299|23092|1258|28309|29875|8293|11881|1189|1684|11926|36364|7081|13705|9091|6763|12136|15847|40489|1132|50395|59827|42919|61963|10648|15664|29938|8566|68524|24244|1732|68776|13090|1060|80662|1102|17089|15442|6670|11866|9079|3256|772|18220|15946|1096|8059|34810|12160|1294|90595|16579|4252|5182|18193|36124|28558|13693|1114|8656|15430|4459|80839|4546|393703|19786|6577|4483|36079|55648|36106|1012|68737|32422|1030|12100|24973|29965|28447|13081|13654|934|74251|15526|946|26416|9121|74215|77542|23002|22378|1000|41413|68497|1324|15883|9145|29926|15553|93700|23119|36016|8305|15910|13210|28543|13165|958|7048|17179|24466|6910|2878|1066|26365|15622|2335|51769|13621|6391|1171|51892|36784|54424|18016|15940|26071|1483|12106|7234|18865|1246|61036|36400|1708|17143|29914|12154|13609|26104|4327|110866|29920|1126|29980|15952|15970|13042|35503|152590|1390|12130|13075|15703|20020|23014|1330|22249|6994|29959|40840|9085|12001|1054|80893|13510|261763|17884|1072|1855|12148|15925|51781|141607|7060|40516|36094|13633|26032|40483|15727|33169|18106|1408|31633|22162|1456|70375|12931|17152|28741|994|77548|36457|26140|45403|62377|79309|2554|15436|33424|17119|15892|17164|15964|7198|1048|15790|15772|29947|15820|15808|15853|952|964|278230|12082|7513|11935|17131|15655|1150|62263|62368|12112|1366|16957|22996|17125|39904|15712|36421|51751|24193|20701|26758|8311|28666|29275|1006|11875|54739|9109|2884|33241|51862|93292|13534|61978|2482|29953|1270|49999|982|28468|29986|6544|6736|15676|18187|48289|31495|2398|16462|15748|5350|17158|32494|34834|1468|93715|13912|56029|13759|20029|24289|31699|13600|231304|1216|15649|8641|49753|93670|60928|50380|9103|36088|4513|52252|17137|26410|19579|35968|32551|13450|13156|26395|30001|3781|12901|13699|17017|27355|30070|17113|15640|922|230794|1018|13684|1900|19228|68767|19270|38677|58903|123313|1078|20350|93685|1645|3847|68761|16426|1090|62239|13615|1084|910|2155|8584|54433|6973|36142|31945|1477|28651|19078|15877|12124|28435|15796|3064|9139|28459|6868|74245|5131|1438|17185|988|32146|38560|1432|15697|1036|1318|18796|15841|15934|20695|13105|20005|51790|50515|12166|21769|18139|17170|1024|11578|15685|1372|18214|940|18181|1348|718|6637|15460|3301|8353|15814|31627|13465|1402|25963|32608|34795|8452","0.0027","","hsa01100","0.16289321377282637","0"
"165","61","KEGG Pathways","","Tuberculosis","0.0239","TNFRSF1A|MAPK1|NFKB1|IL10RA|MAPK14|PPP3R1|CTSD|NFYB|C3|TLR2|PIK3C3|CREBBP|EP300|IL1A|ATP6V0A1|RAB7A|TCIRG1|FCGR2A|RAB5A|FCER1G|IL10RB|ATP6V0D1|BAX|HSPA9|NOD2|FADD|CLEC7A|RFXANK|MRC2|CYCS|NFYC|SPHK1|CD209|EEA1|BID|TRADD|CASP8|ATP6V1H|RAB5B|TLR1|IRAK1|PLK3|TLR4|JAK2|AKT2|PPP3CB|PPP3CC|CREB1|RHOA|RAF1|ATP6V0B|RAB5C|ITGAX|MRC1|CEBPG|IRAK4|HLA-DOB|ITGAM|MALT1|MYD88|JAK1","128","3391|2854|3487|3190|3160|8173|778|17032|2842|3427|4252|11455|2179|3523|4546|16486|4483|3463|664|3034|3082|15553|11266|1525|3070|1948|3373|62407|183079|1501|62422|4327|3469|28735|11731|11818|2812|15436|30121|3118|2410|53221|3586|3010|14839|22609|22360|2428|2098|18589|6868|30109|3649|3331|16909|1942|3631|3643|1978|3481|3271","0.0029","","hsa05152","0.16216020990518623","0"
"203","72","KEGG Pathways","","Human immunodeficiency virus 1 infection","0.0245","CD4|GNA11|TNFRSF1A|MAPK1|RBX1|NFKB1|MAPK14|GNB4|PPP3R1|GNG11|KRAS|CCNB1|RIPK1|TLR2|PIK3R3|PIK3CA|RNF7|ATM|GNAQ|BAX|GNG3|PDIA3|CRK|NFATC3|CD3D|FADD|CYCS|RPS6KB2|GNAI2|PAK2|BID|TBK1|GNG2|AP1S1|TRADD|CRKL|AP1B1|CASP8|MTOR|CD3E|CD247|TAB2|MAP3K7|GNAI3|IRAK1|CHUK|GNG5|TLR4|BAK1|CUL4A|TNFRSF1B|PIK3CD|GNB1|ITPR2|GNG7|AKT2|CUL5|PPP3CB|CDK1|PPP3CC|APOBEC3A|APOBEC3H|AP1M1|RAF1|IKBKB|CD3G|CFL1|IRF3|IRAK4|IKBKG|SAMHD1|MYD88","128","670|8410|3391|2854|3607|3487|3160|8668|8173|8608|2833|5200|1954|3427|8503|8656|25462|2584|8053|11266|8662|11416|12667|12790|646|1948|1501|4453|8545|5821|11731|2524|8695|433|11818|12634|748|2812|1234|3706|3700|11800|11839|8539|2410|2269|8650|3586|43573|17437|2938|2398|8707|8533|8635|14839|2518|22609|17689|22360|15601|15595|247|18589|2572|700|18751|2983|1942|517|3094|3481","0.003","","hsa05170","0.16108339156354676","0"
"23","15","KEGG Pathways","","Protein export","0.0251","SEC61B|SPCS1|SPCS2|SRP14|OXA1L|SRP9|SEC62|SEC63|SEC61G|SRP19|SPCS3|SRP54|SEC11A|SEC11C|SRP72","128","10789|13171|32428|39235|7360|15250|4813|3739|6901|39256|38818|7171|21346|38800|30205","0.0031","","hsa03060","0.16003262785189618","0"
"173","63","KEGG Pathways","","NOD-like receptor signaling pathway","0.0251","GABARAPL2|MAPK1|TXN2|NAMPT|NFKB1|PANX1|MAPK14|TICAM1|CARD6|TANK|RIPK1|PLCB2|YWHAE|NOD2|FADD|ANTXR1|GABARAP|NFKBIB|STAT2|TBK1|P2RX7|HSP90AA1|NLRP3|TRPV2|PKN1|IFNAR2|CTSB|RBCK1|CASP8|NEK7|TAB2|AIM2|ATG5|MAP3K7|CHUK|GBP5|PKN2|XIAP|TLR4|SUGT1|CYBB|TAB3|ITPR2|CASP5|VDAC1|TRPM2|RHOA|MAVS|GABARAPL1|ATG12|CXCL2|VDAC3|IKBKB|DNM1L|NLRP1|IRF3|CCL5|IRAK4|IKBKG|TRPM7|MYD88|CARD8|JAK1","128","4210|2854|15562|7081|3487|43636|3160|7012|86185|10093|1954|8059|12601|3070|1948|109501|4237|5455|2767|2524|2032|1228|3052|33211|12994|2542|682|11806|2812|27073|11800|2347|2068|11839|2269|27817|13006|1894|3586|24691|2671|11686|8533|11146|1507|118282|2098|2896|4222|4246|3022|15580|2572|4660|2050|2983|3550|1942|517|20248|3481|48229|3271","0.0033","","hsa04621","0.16003262785189618","0"
"100","41","KEGG Pathways","","T cell receptor signaling pathway","0.0251","CD4|MAPK1|SOS2|NFKB1|MAPK14|PPP3R1|KRAS|CDK4|PIK3R3|PRKCQ|PIK3CA|ZAP70|NFATC3|CD3D|RASGRP1|NFKBIB|PAK2|GSK3B|GRAP2|PDPK1|CD3E|CD247|MAP3K7|CHUK|PIK3CD|AKT2|GRB2|PPP3CB|PPP3CC|CD8A|ITK|RHOA|RAF1|PTPRC|NCK1|IKBKB|CD3G|LCK|IKBKG|CTLA4|MALT1","128","670|2854|22384|3487|3160|8173|2833|1876|8503|3154|8656|3712|12790|646|1996|5455|5821|1972|3283|22591|3706|3700|11839|2269|2398|14839|2014|22609|22360|3730|3556|2098|18589|3688|12805|2572|700|3724|517|3655|1978","0.0032","","hsa04660","0.16003262785189618","0"
"78","34","KEGG Pathways","","B cell receptor signaling pathway","0.0251","CD22|MAPK1|SOS2|CD79A|NFKB1|PPP3R1|LILRB3|KRAS|PIK3R3|PIK3CA|INPPL1|NFATC3|NFKBIB|CD19|LILRB1|GSK3B|IFITM1|PIK3AP1|CHUK|PIK3CD|LILRB4|LILRB2|AKT2|GRB2|CD79B|PPP3CB|LILRA6|PPP3CC|RAF1|LILRB5|LYN|IKBKB|IKBKG|MALT1","128","3457|2854|22384|3307|3487|8173|9367|2833|8503|8656|24466|12790|5455|3625|3289|1972|1834|37807|2269|2398|2860|3214|14839|2014|2926|22609|9208|22360|18589|90082|3172|2572|517|1978","0.0033","","hsa04662","0.16003262785189618","0"
"64","29","KEGG Pathways","","Mitophagy - animal","0.0299","GABARAPL2|FIS1|RRAS|KRAS|RRAS2|RAB7A|RPS27A|USP15|GABARAP|RHOT2|SP1|TBK1|ATF4|FOXO3|NBR1|TOMM7|BECN1|BNIP3|ATG5|CSNK2B|OPTN|TAX1BP1|USP8|UBA52|MITF|GABARAPL1|HIF1A|RAB7B|BCL2L13","128","4210|1396|18508|2833|28117|16486|6118|10018|4237|23254|17728|2524|14416|1276|4180|7021|1984|4048|2068|27415|4228|4141|10048|6106|8470|4222|1378|74560|4054","0.0041","","hsa04137","0.15243288116755704","0"
"137","51","KEGG Pathways","","Measles","0.0383","EIF2AK1|IL2RB|NFKB1|EIF2AK2|CDK4|TLR2|PIK3R3|IL1A|PIK3CA|STAT3|CDK6|BAX|STAT5B|CD3D|FADD|CYCS|NFKBIB|CD209|STAT2|BID|RCHY1|GSK3B|TBK1|TRADD|IFNAR2|CASP8|MSN|CD3E|TAB2|ADAR|MAP3K7|IRAK1|CHUK|TLR4|IL2RG|BAK1|CSNK2B|PIK3CD|TLR7|AKT2|MAVS|BBC3|RAB9A|IKBKB|CD3G|SLAMF1|IRF3|IRAK4|IKBKG|MYD88|JAK1","128","14287|3517|3487|2374|1876|3427|8503|3523|8656|3574|11299|11266|3445|646|1948|1501|5455|3469|2767|11731|96061|1972|2524|11818|2542|2812|4309|3706|11800|44818|11839|2410|2269|3586|3544|43573|27415|2398|3451|14839|2896|61384|790|2572|700|3385|2983|1942|517|3481|3271","0.0054","","hsa05162","0.14168012260313773","0"
"141","52","KEGG Pathways","","Phagosome","0.0402","M6PR|ATP6V1D|SEC61B|C3|TUBA4A|ATP6V1E1|DYNC1LI2|TLR2|ITGAV|SCARB1|PIK3C3|PIKFYVE|ATP6V0A1|RAB7A|TCIRG1|FCGR2A|RAB5A|DYNC1LI1|ATP6V1A|ATP6V1B2|ATP6V0D1|ITGA5|ITGB5|CLEC7A|MRC2|OLR1|CD209|EEA1|TUBA3E|HGS|TUBB|FCAR|DYNC1H1|ATP6V1H|RAB5B|THBS2|STX12|TLR4|ATP6V1G1|CYBB|TFRC|COLEC12|SEC61G|ATP6V0E1|ATP6V1C1|ATP6V0B|TUBA1A|RAB5C|MRC1|RAB7B|HLA-DOB|ITGAM","128","643|28309|10789|2842|4771|15442|337|3427|11407|1444|4252|4459|4546|16486|4483|3463|664|343|28447|15526|15553|10930|6457|3373|183079|1930|3469|28735|37264|784|2038|38731|397|15436|30121|6664|20485|3586|28468|2671|829|11161|6901|28435|28459|6868|18454|30109|3331|74560|3631|3643","0.0057","","hsa04145","0.139577394691553","0"
"158","57","KEGG Pathways","","Hepatitis B","0.0402","MAPK1|SOS2|NFKB1|MAPK14|EGR2|TICAM1|KRAS|DDB2|TLR2|CREBBP|PIK3R3|EP300|PIK3CA|STAT3|ARAF|BAX|STAT5B|STAT6|NFATC3|FADD|CYCS|STAT2|BID|CREB3L2|TBK1|SMAD3|ATF4|SMAD4|CREB3|CASP8|TGFBR2|TAB2|MAP3K7|IRAK1|CHUK|YWHAB|TLR4|ATF6B|PIK3CD|JAK2|YWHAQ|AKT2|GRB2|YWHAZ|MAP3K1|CDKN1A|CREB1|RAF1|MAVS|VDAC3|IKBKB|TGFBR1|IRF3|IRAK4|IKBKG|MYD88|JAK1","128","2854|22384|3487|3160|2203|7012|2833|13063|3427|11455|8503|2179|8656|3574|8419|11266|3445|3499|12790|1948|1501|2767|11731|22780|2524|2737|14416|1810|22798|2812|2647|11800|11839|2410|2269|18526|3586|13183|2398|3010|22090|14839|2014|12895|11710|1816|2428|18589|2896|15580|2572|1936|2983|1942|517|3481|3271","0.0058","","hsa05161","0.139577394691553","0"
"28","16","KEGG Pathways","","Citrate cycle (TCA cycle)","0.0403","ACO2|IDH3G|PDHB|MDH2|IDH2|CS|SDHC|SDHB|SDHD|SUCLG1|OGDH|SUCLG2|ACLY|IDH3B|SUCLA2|PC","128","1258|11881|1483|12001|1855|1456|15655|6736|15676|8641|15640|8584|1318|15685|15460|1402","0.006","","hsa00020","0.13946949538588904","0"
"186","65","KEGG Pathways","","Chemokine signaling pathway","0.0403","MAPK1|SOS2|CCL22|CCL1|CCL13|NFKB1|GNB4|GNG11|KRAS|PLCB2|PIK3R3|PIK3CA|STAT3|GNAQ|TIAM1|CXCR5|STAT5B|CXCL16|GNG3|CXCR1|CCR1|CRK|CCL19|PRKACA|XCR1|ELMO1|NFKBIB|GNAI2|STAT2|ROCK2|CXCR2|GSK3B|GNG2|FOXO3|CRKL|CCL20|RAP1A|GNAI3|CHUK|GNG5|PREX1|CXCR3|FGR|SHC3|PIK3CD|GNB1|JAK2|GNG7|AKT2|GRB2|CCL8|ROCK1|ADCY3|PIK3R5|ITK|RHOA|RAF1|PIK3CG|CXCL2|LYN|DOCK2|IKBKB|CCL5|IKBKG|ADCY7","128","2854|22384|3220|2365|2281|3487|8668|8608|2833|8059|8503|8656|3574|8053|16666|3595|3445|2677|8662|2731|3196|12667|3568|4390|2965|40828|5455|8545|2767|12982|3028|1972|8695|1276|12634|3250|18577|8539|2269|8650|28618|3505|28015|12655|2398|8707|3010|8635|14839|2014|2632|5161|3781|28594|3556|2098|18589|2155|3022|3172|1906|2572|3550|517|34795","0.006","","hsa04062","0.13946949538588904","0"
"515","155","KEGG Pathways","","Pathways in cancer","0.0438","GNA11|MAPK1|IL2RB|RBX1|SOS2|BIRC7|WNT16|NFKB1|LAMA4|HES1|GNB4|TFG|POLK|PTGER2|GNG11|SMO|GADD45G|RARA|KRAS|VHL|NOTCH2|DDB2|APC|CDK4|MDM2|PLCB2|ITGAV|LRP6|SMAD2|CREBBP|PIK3R3|PLD2|EP300|EPAS1|PIK3CA|CBL|WNT5A|STAT3|CDK6|RALB|GNA12|CDKN2B|CSF1R|GNAQ|FZD1|APPL1|ARAF|CTBP1|BAX|STAT5B|GNG3|IL15|STAT6|RUNX1|CRK|FADD|IL7R|CYCS|RPS6KB2|PRKACA|RASGRP1|PPARD|CKS1B|GSTM1|CTBP2|GNAI2|STAT2|ROCK2|BID|EML4|F2R|GSK3B|IL3RA|SP1|SMAD3|GNG2|HSP90AA1|ARHGEF1|FGFR3|TCF7|SMAD4|PLD1|IFNAR2|CRKL|PTGER3|RASSF1|CASP8|TGFBR2|COL4A2|GSTM3|MTOR|EGLN1|TPR|MGST3|GSTO1|GNAI3|CHUK|GNG5|XIAP|PTEN|STK4|PIM1|TRAF1|IL2RG|LPAR1|BAK1|ZBTB17|EDNRB|PIK3CD|GNB1|DVL1|IL6ST|JAK2|GNG7|AKT2|GRB2|ETS1|JUP|MGST1|COL4A3|COL4A4|NFE2L2|ROCK1|ADCY3|CDKN1A|NCOA1|DAPK1|MITF|IGF2|LPAR5|FGFR1|RHOA|GNA13|RAF1|RUNX1T1|TGFA|BBC3|ESR1|CUL2|RXRA|CEBPA|HDAC2|IKBKB|HIF1A|PLEKHG5|TGFBR1|RASSF5|FLT3LG|EGLN2|RPS6KA5|RASGRP4|IKBKG|TCF7L2|JAK1|ADCY7","128","8410|2854|3517|3607|22384|13363|40114|3487|6430|49231|8668|12481|60346|18877|8608|36046|52876|1780|2833|5317|2092|13063|12838|1876|12487|8059|11407|23584|2452|11455|8503|28558|2179|5473|8656|11374|18913|3574|11299|10039|8629|9463|3325|8053|40189|28915|8419|31210|11266|3445|8662|3613|3499|2848|12667|1948|676|1501|4453|4390|1996|1495|5695|17143|32185|8545|2767|12982|11731|18550|2536|1972|3562|17728|2737|8695|1228|4498|8551|2944|1810|12931|2542|12634|1582|1546|2812|2647|6442|17119|1234|5266|5089|17131|17125|8539|2269|8650|1894|2884|11320|36112|1966|3544|12385|43573|9484|8080|2398|8707|5308|2773|3010|8635|14839|2014|2173|12937|17137|3841|13588|5827|5161|3781|1816|46525|11482|8470|877|27124|8518|2098|8557|18589|43300|2110|61384|2659|5431|16927|1990|17950|2572|1378|28909|1936|72952|3124|68473|22858|52726|517|9886|3271|34795","0.0068","","hsa05200","0.13585258894959004","0"
"150","54","KEGG Pathways","","Cellular senescence","0.0461","MAPK1|TSC2|NFKB1|MAPK14|PPP3R1|RRAS|GADD45G|KRAS|RRAS2|CCNB1|CDK4|MDM2|HUS1|RBL2|SMAD2|RHEB|PIK3R3|IL1A|PIK3CA|CDK6|CDKN2B|ATM|NFATC3|LIN37|PPID|HIPK3|RAD9A|PPP1CA|SMAD3|ZFP36L1|FOXO3|EIF4EBP1|TGFBR2|MTOR|PTEN|RBBP4|RBL1|PIK3CD|RAD50|E2F4|ITPR2|AKT2|ETS1|PPP3CB|VDAC1|CDK1|PPP3CC|CDKN1A|RAF1|HIPK1|VDAC3|TGFBR1|RASSF5|TRPM7","128","2854|4153|3487|3160|8173|18508|52876|2833|28117|5200|1876|12487|60217|17614|2452|4135|8503|3523|8656|11299|9463|2584|12790|17521|22552|99298|17404|4333|2737|53062|1276|22912|2647|1234|2884|11293|17398|2398|63886|17671|8533|14839|2173|22609|1507|17689|22360|1816|18589|95731|15580|1936|72952|20248","0.0073","","hsa04218","0.13362990746103517","0"
"120","45","KEGG Pathways","","Cell cycle","0.0478","CDC6|RBX1|STAG2|MAD2L2|CDC25B|YWHAH|GADD45G|CCNB1|CDK4|MDM2|ANAPC5|RBL2|SMAD2|CREBBP|EP300|YWHAE|CDK6|CDKN2B|ATM|RAD21|YWHAG|PRKDC|SMC1A|GSK3B|SMAD3|SMAD4|CDC16|SMC3|BUB3|CDC20|YWHAB|RBL1|CDC26|ZBTB17|E2F4|YWHAQ|STAG1|CDK1|YWHAZ|CDKN1A|CDKN1C|TFDP2|HDAC2|ORC4|ANAPC10","128","1600|3607|20899|3979|17464|35851|52876|5200|1876|12487|5815|17614|2452|11455|2179|12601|11299|9463|2584|17458|24130|23782|11995|1972|2737|1810|4618|14467|17224|5620|18526|17398|5425|9484|17671|22090|32836|17689|12895|1816|9919|17548|17950|17695|5725","0.0077","","hsa04110","0.1320572103387881","0"
"97","38","KEGG Pathways","","Chagas disease","0.0482","GNA11|TNFRSF1A|MAPK1|NFKB1|MAPK14|C3|TICAM1|TLR2|PLCB2|SMAD2|PIK3R3|PIK3CA|GNAQ|CD3D|FADD|CFLAR|GNAI2|PPP2R1A|PPP2R2A|CASP8|TGFBR2|CD3E|CD247|GNAI3|IRAK1|CHUK|TLR4|PIK3CD|AKT2|PPP2R2B|PPP2CA|IKBKB|CD3G|TGFBR1|CCL5|IRAK4|IKBKG|MYD88","128","8410|3391|2854|3487|3160|2842|7012|3427|8059|2452|8503|8656|8053|646|1948|2263|8545|11116|17353|2812|2647|3706|3700|8539|2410|2269|3586|2398|14839|17377|5254|2572|700|1936|3550|1942|517|3481","0.0079","","hsa05142","0.13169529617611503","0"
